Poster,Title,Actors,Year,Genres,Overview,User Score
https://image.tmdb.org/t/p/w500/9cqNxx0GxF0bflZmeSMuL5tnGzr.jpg,The Shawshank Redemption,"Morgan Freeman, Tim Robbins, Bob Gunton, William Sadler, Clancy Brown",1994,"Drama, Crime","Imprisoned in the 1940s for the double murder of his wife and her lover, upstanding banker Andy Dufresne begins a new life at the Shawshank prison, where he puts his accounting skills to work for an amoral warden. During his long stretch in prison, Dufresne comes to be admired by the other inmates -- including an older prisoner named Red -- for his integrity and unquenchable sense of hope.",8.7
https://image.tmdb.org/t/p/w500/3bhkrj58Vtu7enYsRolD1fZdja1.jpg,The Godfather,"Marlon Brando, Al Pacino, James Caan, Robert Duvall, Richard S. Castellano",1972,"Drama, Crime","Spanning the years 1945 to 1955, a chronicle of the fictional Italian-American Corleone crime family. When organized crime family patriarch, Vito Corleone barely survives an attempt on his life, his youngest son, Michael steps in to take care of the would-be killers, launching a campaign of bloody revenge.",8.686
https://image.tmdb.org/t/p/w500/hek3koDUyRQk7FIhPXsa6mT2Zc3.jpg,The Godfather Part II,"Al Pacino, Robert Duvall, Diane Keaton, Robert De Niro, John Cazale",1974,"Drama, Crime","In the continuing saga of the Corleone crime family, a young Vito Corleone grows up in Sicily and in 1910s New York. In the 1950s, Michael Corleone attempts to expand the family business into Las Vegas, Hollywood and Cuba.",8.57
https://image.tmdb.org/t/p/w500/sF1U4EUQS8YHUYjNl3pMGNIQyr0.jpg,Schindler's List,"Liam Neeson, Ben Kingsley, Ralph Fiennes, Caroline Goodall, Jonathan Sagall",1993,"Drama, History, War",The true story of how businessman Oskar Schindler saved over a thousand Jewish lives from the Nazis while they worked as slaves in his factory during World War II.,8.564
https://image.tmdb.org/t/p/w500/ow3wq89wM8qd5X7hWKxiRfsFf9C.jpg,12 Angry Men,"Martin Balsam, John Fiedler, Lee J. Cobb, E.G. Marshall, Jack Klugman",1957,Drama,"The defense and the prosecution have rested and the jury is filing into the jury room to decide if a young Spanish-American is guilty or innocent of murdering his father. What begins as an open and shut case soon becomes a mini-drama of each of the jurors' prejudices and preconceptions about the trial, the accused, and each other.",8.548
https://image.tmdb.org/t/p/w500/39wmItIWsg5sZMyRUHLkWBcuVCM.jpg,Spirited Away,"Rumi Hiiragi, Miyu Irino, Mari Natsuki, Takashi Naito, Yasuko Sawaguchi",2001,"Animation, Family, Fantasy","A young girl, Chihiro, becomes trapped in a strange new world of spirits. When her parents undergo a mysterious transformation, she must call upon the courage she never knew she had to free her family.",8.536
https://image.tmdb.org/t/p/w500/qJ2tW6WMUDux911r6m7haRef0WH.jpg,The Dark Knight,"Christian Bale, Heath Ledger, Aaron Eckhart, Michael Caine, Maggie Gyllenhaal",2008,"Drama, Action, Crime, Thriller","Batman raises the stakes in his war on crime. With the help of Lt. Jim Gordon and District Attorney Harvey Dent, Batman sets out to dismantle the remaining criminal organizations that plague the streets. The partnership proves to be effective, but they soon find themselves prey to a reign of chaos unleashed by a rising criminal mastermind known to the terrified citizens of Gotham as the Joker.",8.5
https://image.tmdb.org/t/p/w500/rfcy6Gd3PbFIqwZX5U8xnbv7jOc.jpg,Dilwale Dulhania Le Jayenge,"Kajol, Shah Rukh Khan, Amrish Puri, Farida Jalal, Anupam Kher",1995,"Comedy, Drama, Romance","Raj is a rich, carefree, happy-go-lucky second generation NRI. Simran is the daughter of Chaudhary Baldev Singh, who in spite of being an NRI is very strict about adherence to Indian values. Simran has left for India to be married to her childhood fiancé. Raj leaves for India with a mission at his hands, to claim his lady love under the noses of her whole family. Thus begins a saga.",8.5
https://image.tmdb.org/t/p/w500/8VG8fDNiy50H4FedGwdSVUPoaJe.jpg,The Green Mile,"Tom Hanks, David Morse, Bonnie Hunt, Michael Clarke Duncan, James Cromwell",1999,"Fantasy, Drama, Crime","A supernatural tale set on death row in a Southern prison, where gentle giant John Coffey possesses the mysterious power to heal people's ailments. When the cell block's head guard, Paul Edgecomb, recognizes Coffey's miraculous gift, he tries desperately to help stave off the condemned man's execution.",8.504
https://image.tmdb.org/t/p/w500/7IiTTgloJzvGI1TAYymCfbfl3vT.jpg,Parasite,"Song Kang-ho, Lee Sun-kyun, Cho Yeo-jeong, Choi Woo-shik, Park So-dam",2019,"Comedy, Thriller, Drama","All unemployed, Ki-taek's family takes peculiar interest in the wealthy and glamorous Parks for their livelihood until they get entangled in an unexpected incident.",8.5
https://image.tmdb.org/t/p/w500/vQWk5YBFWF4bZaofAbv0tShwBvQ.jpg,Pulp Fiction,"John Travolta, Samuel L. Jackson, Uma Thurman, Bruce Willis, Ving Rhames",1994,"Thriller, Crime","A burger-loving hit man, his philosophical partner, a drug-addled gangster's moll and a washed-up boxer converge in this sprawling, comedic crime caper. Their adventures unfurl in three stories that ingeniously trip back and forth in time.",8.49
https://image.tmdb.org/t/p/w500/8GJsy7w7frGquw1cy9jasOGNNI1.jpg,Your Name.,"Ryunosuke Kamiki, Mone Kamishiraishi, Ryo Narita, Aoi Yuki, Nobunaga Shimazaki",2016,"Animation, Romance, Drama","High schoolers Mitsuha and Taki are complete strangers living separate lives. But one night, they suddenly switch places. Mitsuha wakes up in Taki’s body, and he in hers. This bizarre occurrence continues to happen randomly, and the two must adjust their lives around each other.",8.484
https://image.tmdb.org/t/p/w500/rCzpDGLbOoPwLjy3OAm5NUPOTrC.jpg,The Lord of the Rings: The Return of the King,"Elijah Wood, Ian McKellen, Viggo Mortensen, Sean Astin, Andy Serkis",2003,"Adventure, Fantasy, Action","As armies mass for a final battle that will decide the fate of the world--and powerful, ancient forces of Light and Dark compete to determine the outcome--one member of the Fellowship of the Ring is revealed as the noble heir to the throne of the Kings of Men. Yet, the sole hope for triumph over evil lies with a brave hobbit, Frodo, who, accompanied by his loyal friend Sam and the hideous, wretched Gollum, ventures deep into the very dark heart of Mordor on his seemingly impossible quest to destroy the Ring of Power.​",8.483
https://image.tmdb.org/t/p/w500/arw2vcBveWOVZr6pxd9XTd1TdQa.jpg,Forrest Gump,"Tom Hanks, Robin Wright, Gary Sinise, Sally Field, Mykelti Williamson",1994,"Comedy, Drama, Romance","A man with a low IQ has accomplished great things in his life and been present during significant historic events—in each case, far exceeding what anyone imagined he could do. But despite all he has achieved, his one true love eludes him.",8.468
https://image.tmdb.org/t/p/w500/bX2xnavhMYjWDoZp1VM6VnU1xwe.jpg,"The Good, the Bad and the Ugly","Clint Eastwood, Eli Wallach, Lee Van Cleef, Aldo Giuffrè, Luigi Pistilli",1966,Western,"While the Civil War rages on between the Union and the Confederacy, three men – a quiet loner, a ruthless hitman, and a Mexican bandit – comb the American Southwest in search of a strongbox containing $200,000 in stolen gold.",8.463
https://image.tmdb.org/t/p/w500/8OKmBV5BUFzmozIC3pPWKHy17kx.jpg,Seven Samurai,"Toshirō Mifune, Takashi Shimura, Yoshio Inaba, Seiji Miyaguchi, Minoru Chiaki",1954,"Action, Drama","A samurai answers a village's request for protection after he falls on hard times. The town needs protection from bandits, so the samurai gathers six others to help him teach the people how to defend themselves, and the villagers provide the soldiers with food.",8.457
https://image.tmdb.org/t/p/w500/aKuFiU82s5ISJpGZp7YkIr3kCUd.jpg,GoodFellas,"Robert De Niro, Ray Liotta, Joe Pesci, Lorraine Bracco, Paul Sorvino",1990,"Drama, Crime","The true story of Henry Hill, a half-Irish, half-Sicilian Brooklyn kid who is adopted by neighbourhood gangsters at an early age and climbs the ranks of a Mafia family under the guidance of Jimmy Conway.",8.455
https://image.tmdb.org/t/p/w500/gEU2QniE6E77NI6lCU6MxlNBvIx.jpg,Interstellar,"Matthew McConaughey, Anne Hathaway, Michael Caine, Jessica Chastain, Casey Affleck",2014,"Adventure, Drama, Science Fiction",The adventures of a group of explorers who make use of a newly discovered wormhole to surpass the limitations on human space travel and conquer the vast distances involved in an interstellar voyage.,8.454
https://image.tmdb.org/t/p/w500/k9tv1rXZbOhH7eiCk378x61kNQ1.jpg,Grave of the Fireflies,"Tsutomu Tatsumi, Ayano Shiraishi, Yoshiko Shinohara, Akemi Yamaguchi, Masayo Sakai",1988,"Animation, Drama, War","In the final months of World War II, 14-year-old Seita and his sister Setsuko are orphaned when their mother is killed during an air raid in Kobe, Japan. After a falling out with their aunt, they move into an abandoned bomb shelter. With no surviving relatives and their emergency rations depleted, Seita and Setsuko struggle to survive.",8.451
https://image.tmdb.org/t/p/w500/74hLDKjD5aGYOotO6esUVaeISa2.jpg,Life Is Beautiful,"Roberto Benigni, Nicoletta Braschi, Giorgio Cantarini, Giustino Durano, Sergio Bini Bustric",1997,"Comedy, Drama",A touching story of an Italian book seller of Jewish ancestry who lives in his own little fairy tale. His creative and happy life would come to an abrupt halt when his entire family is deported to a concentration camp during World War II. While locked up he tries to convince his son that the whole thing is just a game.,8.449
https://image.tmdb.org/t/p/w500/pB8BM7pdSp6B6Ih7QZ4DrQ3PmJK.jpg,Fight Club,"Edward Norton, Brad Pitt, Helena Bonham Carter, Meat Loaf, Jared Leto",1999,Drama,"A ticking-time-bomb insomniac and a slippery soap salesman channel primal male aggression into a shocking new form of therapy. Their concept catches on, with underground ""fight clubs"" forming in every town, until an eccentric gets in the way and ignites an out-of-control spiral toward oblivion.",8.439
https://image.tmdb.org/t/p/w500/gCI2AeMV4IHSewhJkzsur5MEp6R.jpg,Cinema Paradiso,"Philippe Noiret, Jacques Perrin, Marco Leonardi, Salvatore Cascio, Agnese Nano",1988,"Drama, Romance","A filmmaker recalls his childhood, when he fell in love with the movies at his village's theater and formed a deep friendship with the theater's projectionist.",8.435
https://image.tmdb.org/t/p/w500/k7eYdWvhYQyRQoU2TB2A2Xu2TfD.jpg,City of God,"Alexandre Rodrigues, Leandro Firmino, Phellipe Haagensen, Douglas Silva, Jonathan Haagensen",2002,"Drama, Crime","In the poverty-stricken favelas of Rio de Janeiro in the 1970s, two young men choose different paths. Rocket is a budding photographer who documents the increasing drug-related violence of his neighborhood, while José “Zé” Pequeno is an ambitious drug dealer diving into a dangerous life of crime.",8.429
https://image.tmdb.org/t/p/w500/yz4QVqPx3h1hD1DfqqQkCq3rmxW.jpg,Psycho,"Anthony Perkins, Janet Leigh, Vera Miles, John Gavin, Martin Balsam",1960,"Horror, Thriller, Mystery","When larcenous real estate clerk Marion Crane goes on the lam with a wad of cash and hopes of starting a new life, she ends up at the notorious Bates Motel, where manager Norman Bates cares for his housebound mother.",8.422
https://image.tmdb.org/t/p/w500/6oom5QYQ2yQTMJIbnvbkBL9cHo6.jpg,The Lord of the Rings: The Fellowship of the Ring,"Elijah Wood, Ian McKellen, Viggo Mortensen, Sean Astin, Ian Holm",2001,"Adventure, Fantasy, Action","Young hobbit Frodo Baggins, after inheriting a mysterious ring from his uncle Bilbo, must leave his home in order to keep it from falling into the hands of its evil creator. Along the way, a fellowship is formed to protect the ringbearer and make sure that the ring arrives at its final destination: Mt. Doom, the only place where it can be destroyed.",8.42
https://image.tmdb.org/t/p/w500/aovknfdLnFp1IiWi3yvTAg8Gm5k.jpg,A Dog's Will,"Matheus Nachtergaele, Selton Mello, Rogério Cardoso, Denise Fraga, Diogo Vilela",2000,"Comedy, Drama, Fantasy","The lively João Grilo and the sly Chicó are poor guys living in the hinterland who cheat a bunch of people in a small town in Northeastern Brazil. When they die, they have to be judged by Christ, the Devil and the Virgin Mary before they are admitted to paradise.",8.4
https://image.tmdb.org/t/p/w500/5konZnIbcAxZjP616Cz5o9bKEfW.jpg,Harakiri,"Tatsuya Nakadai, Akira Ishihama, Shima Iwashita, Tetsuro Tamba, Masao Mishima",1962,"Action, Drama, History","Down-on-his-luck veteran Tsugumo Hanshirō enters the courtyard of the prosperous House of Iyi. Unemployed, and with no family, he hopes to find a place to commit seppuku—and a worthy second to deliver the coup de grâce in his suicide ritual. The senior counselor for the Iyi clan questions the ronin’s resolve and integrity, suspecting Hanshirō of seeking charity rather than an honorable end. What follows is a pair of interlocking stories which lay bare the difference between honor and respect, and promises to examine the legendary foundations of the Samurai code.",8.417
https://image.tmdb.org/t/p/w500/t2Ew8NZ8Ci2kqmoecZUNQUFDJnQ.jpg,Impossible Things,"Nora Velázquez, Benny Emmanuel, Luisa Huertas, Salvador Garcini, Andrés Delgado",2021,"Family, Drama","After the death of her abusive husband, Matilde finds her new best friend in Miguel, her young, insecure, and disoriented neighbor.",8.4
https://image.tmdb.org/t/p/w500/kjWsMh72V6d8KRLV4EOoSJLT1H7.jpg,One Flew Over the Cuckoo's Nest,"Jack Nicholson, Brad Dourif, Louise Fletcher, Danny DeVito, William Redfield",1975,Drama,"A petty criminal fakes insanity to serve his sentence in a mental ward rather than prison. He soon finds himself as a leader to the other patients—and an enemy to the cruel, domineering nurse who runs the ward.",8.413
https://image.tmdb.org/t/p/w500/yXRoyYzIo17HfANn07oXYdyBy4h.jpg,Gabriel's Inferno,"Melanie Zanetti, Giulio Berruti, Kurt McKinney, Agnes Albright, Margaux Brooke",2020,"Romance, Drama","An intriguing and sinful exploration of seduction, forbidden love, and redemption, Gabriel's Inferno is a captivating and wildly passionate tale of one man's escape from his own personal hell as he tries to earn the impossible--forgiveness and love.",8.4
https://image.tmdb.org/t/p/w500/i0enkzsL5dPeneWnjl1fCWm6L7k.jpg,Once Upon a Time in America,"Robert De Niro, James Woods, Elizabeth McGovern, Treat Williams, Tuesday Weld",1984,"Drama, Crime","A former Prohibition-era Jewish gangster returns to the Lower East Side of Manhattan over thirty years later, where he once again must confront the ghosts and regrets of his old life.",8.409
https://image.tmdb.org/t/p/w500/5VTN0pR8gcqV3EPUHHfMGnJYN9L.jpg,The Lord of the Rings: The Two Towers,"Elijah Wood, Ian McKellen, Viggo Mortensen, Sean Astin, Andy Serkis",2002,"Adventure, Fantasy, Action","Frodo Baggins and the other members of the Fellowship continue on their sacred quest to destroy the One Ring--but on separate paths. Their destinies lie at two towers--Orthanc Tower in Isengard, where the corrupt wizard Saruman awaits, and Sauron's fortress at Barad-dur, deep within the dark lands of Mordor. Frodo and Sam are trekking to Mordor to destroy the One Ring of Power while Gimli, Legolas and Aragorn search for the orc-captured Merry and Pippin. All along, nefarious wizard Saruman awaits the Fellowship members at the Orthanc Tower in Isengard.",8.404
https://image.tmdb.org/t/p/w500/iiZZdoQBEYBv6id8su7ImL0oCbD.jpg,Spider-Man: Into the Spider-Verse,"Shameik Moore, Jake Johnson, Hailee Steinfeld, Mahershala Ali, Brian Tyree Henry",2018,"Animation, Action, Adventure, Science Fiction","Struggling to find his place in the world while juggling school and family, Brooklyn teenager Miles Morales is unexpectedly bitten by a radioactive spider and develops unfathomable powers just like the one and only Spider-Man. While wrestling with the implications of his new abilities, Miles discovers a super collider created by the madman Wilson ""Kingpin"" Fisk, causing others from across the Spider-Verse to be inadvertently transported to his dimension.",8.397
https://image.tmdb.org/t/p/w500/23hUJh7JdO23SpgUB5oiFDQk2wX.jpg,Howl's Moving Castle,"Chieko Baisho, Takuya Kimura, Akihiro Miwa, Tatsuya Gashûin, Ryunosuke Kamiki",2004,"Fantasy, Animation, Adventure","Sophie, a young milliner, is turned into an elderly woman by a witch who enters her shop and curses her. She encounters a wizard named Howl and gets caught up in his resistance to fighting for the king.",8.4
https://image.tmdb.org/t/p/w500/x9yjkm9gIz5qI5fJMUTfBnWiB2o.jpg,Hope,"Sul Kyung-gu, Uhm Ji-won, Lee Re, Kim Sang-ho, Kim Hae-sook",2013,Drama,"After 8-year-old So-won narrowly survives a brutal sexual assault, her family labors to help her heal while coping with their own rage and grief.",8.394
https://image.tmdb.org/t/p/w500/nNAeTmF4CtdSgMDplXTDPOpYzsX.jpg,The Empire Strikes Back,"Mark Hamill, Harrison Ford, Carrie Fisher, Billy Dee Williams, Anthony Daniels",1980,"Adventure, Action, Science Fiction","The epic saga continues as Luke Skywalker, in hopes of defeating the evil Galactic Empire, learns the ways of the Jedi from aging master Yoda. But Darth Vader is more determined than ever to capture Luke. Meanwhile, rebel leader Princess Leia, cocky Han Solo, Chewbacca, and droids C-3PO and R2-D2 are thrown into various stages of capture, betrayal and despair.",8.393
https://image.tmdb.org/t/p/w500/tuFaWiqX0TXoWu7DGNcmX3UW7sT.jpg,A Silent Voice: The Movie,"Miyu Irino, Saori Hayami, Aoi Yuki, Kensho Ono, Yuki Kaneko",2016,"Animation, Drama, Romance","Shouya Ishida starts bullying the new girl in class, Shouko Nishimiya, because she is deaf. But as the teasing continues, the rest of the class starts to turn on Shouya for his lack of compassion. When they leave elementary school, Shouko and Shouya do not speak to each other again... until an older, wiser Shouya, tormented by his past behaviour, decides he must see Shouko once more. He wants to atone for his sins, but is it already too late...?",8.386
https://image.tmdb.org/t/p/w500/x5o8cLZfEXMoZczTYWLrUo1P7UJ.jpg,Gabriel's Inferno: Part II,"Melanie Zanetti, Giulio Berruti, James Andrew Fraser, Margaux Brooke, Agnes Albright",2020,"Romance, Drama","Professor Gabriel Emerson finally learns the truth about Julia Mitchell's identity, but his realization comes a moment too late. Julia is done waiting for the well-respected Dante specialist to remember her and wants nothing more to do with him. Can Gabriel win back her heart before she finds love in another's arms?",8.4
https://image.tmdb.org/t/p/w500/9NBBkdxH0TjQEBSN2AzeE1sgsF9.jpg,Primal: Tales of Savagery,"Aaron LaPlante, Jon Olson, Bryan Andrews, Darrick Bachman",2019,"Action, Adventure, Animation, Drama","Genndy Tartakovsky's Primal: Tales of Savagery features a caveman and a dinosaur on the brink of extinction. Bonded by tragedy, this unlikely friendship becomes the only hope of survival.",8.378
https://image.tmdb.org/t/p/w500/2hFvxCCWrTmCYwfy7yum0GKRi3Y.jpg,The Pianist,"Adrien Brody, Thomas Kretschmann, Frank Finlay, Maureen Lipman, Emilia Fox",2002,"Drama, War","The true story of pianist Władysław Szpilman's experiences in Warsaw during the Nazi occupation. When the Jews of the city find themselves forced into a ghetto, Szpilman finds work playing in a café; and when his family is deported in 1942, he stays behind, works for a while as a laborer, and eventually goes into hiding in the ruins of the war-torn city.",8.378
https://image.tmdb.org/t/p/w500/fYtHxTxlhzD4QWfEbrC1rypysSD.jpg,Gabriel's Inferno: Part III,"Melanie Zanetti, Giulio Berruti, Rhett Wellington Ramirez, James Andrew Fraser, Margaux Brooke",2020,"Romance, Drama",The final part of the film adaption of the erotic romance novel Gabriel's Inferno written by an anonymous Canadian author under the pen name Sylvain Reynard.,8.376
https://image.tmdb.org/t/p/w500/eGMkkbG85JUyXQEsbZKSnBrymts.jpg,Radical,"Eugenio Derbez, Daniel Haddad, Jennifer Trejo, Mia Fernanda Solis, Danilo Guardiola Escobar",2023,Drama,"In a Mexican border town plagued by neglect, corruption, and violence, a frustrated teacher tries an unorthodox new method to break through his students’ apathy and unlock their curiosity, their potential... and perhaps even their genius.",8.375
https://image.tmdb.org/t/p/w500/7fn624j5lj3xTme2SgiLCeuedmO.jpg,Whiplash,"Miles Teller, J.K. Simmons, Paul Reiser, Melissa Benoist, Austin Stowell",2014,"Drama, Music","Under the direction of a ruthless instructor, a talented young drummer begins to pursue perfection at any cost, even his humanity.",8.374
https://image.tmdb.org/t/p/w500/191nKfP0ehp3uIvWqgPbFmI4lv9.jpg,Se7en,"Morgan Freeman, Brad Pitt, Gwyneth Paltrow, John Cassini, Peter Crombie",1995,"Crime, Mystery, Thriller","Two homicide detectives are on a desperate hunt for a serial killer whose crimes are based on the ""seven deadly sins"" in this dark and haunting film that takes viewers from the tortured remains of one victim to the next. The seasoned Det. Somerset researches each sin in an effort to get inside the killer's mind, while his novice partner, Mills, scoffs at his efforts to unravel the case.",8.375
https://image.tmdb.org/t/p/w500/ljsZTbVsrQSqZgWeep2B1QiDKuh.jpg,Inception,"Leonardo DiCaprio, Joseph Gordon-Levitt, Ken Watanabe, Tom Hardy, Elliot Page",2010,"Action, Science Fiction, Adventure","Cobb, a skilled thief who commits corporate espionage by infiltrating the subconscious of his targets is offered a chance to regain his old life as payment for a task considered to be impossible: ""inception"", the implantation of another person's idea into a target's subconscious.",8.4
https://image.tmdb.org/t/p/w500/38I76hGcFY6xB47pjm7pZwkfuAF.jpg,Counterattack,"Luis Alberti, Noé Hernández, Leonardo Alonso, Luis Curiel, Guillermo Nava",2025,"Action, Adventure, Thriller","When a hostage rescue mission creates a new enemy, Capt. Guerrero and his elite soldiers must face an ambush by a criminal group.",8.361
https://image.tmdb.org/t/p/w500/ILVF0eJxHMddjxeQhswFtpMtqx.jpg,Rear Window,"James Stewart, Grace Kelly, Wendell Corey, Thelma Ritter, Raymond Burr",1954,"Thriller, Mystery",A wheelchair-bound photographer spies on his neighbors from his apartment window and becomes convinced one of them has committed murder.,8.353
https://image.tmdb.org/t/p/w500/yfnJ5qIYx7q33fY4jqv9Pu95RSg.jpg,Lucy Shimmers and the Prince of Peace,"Scarlett Diamond, Adam Hightower, Vincent Vargas, Tara Barrett, Madison Bills",2020,"Drama, Family",Second chances start when a hardened criminal crosses paths with a precocious little girl who is helped by an angel to change hearts during the holiday season.,8.3
https://image.tmdb.org/t/p/w500/aLv87NgRJUPkQ6sVLP72IisDdt4.jpg,The Legend of Hei,"Shan Xin, Liu Mingyue, Hao Xianghai, Ding Dang, Yuntu Cao",2019,"Animation, Fantasy, Action","When cat spirit Luo Xiaohei's home is deforested by humans, he must find a new one. He runs into a group of other spirit creatures who take him under their wing with dreams of reconquering the land they say is rightfully theirs. However, they run into a human known as Wuxian who separates Luo Xiaohei from the other spirits and the two go on a journey, with the cat spirit learning to control his abilities as well as forming his own thoughts on whether or not he should ally with the spirits or the humans.",8.3
https://image.tmdb.org/t/p/w500/uS9m8OBk1A8eM9I042bx8XXpqAq.jpg,The Silence of the Lambs,"Jodie Foster, Anthony Hopkins, Scott Glenn, Ted Levine, Anthony Heald",1991,"Crime, Drama, Thriller","Clarice Starling is a top student at the FBI's training academy.  Jack Crawford wants Clarice to interview Dr. Hannibal Lecter, a brilliant psychiatrist who is also a violent psychopath, serving life behind bars for various acts of murder and cannibalism.  Crawford believes that Lecter may have insight into a case and that Starling, as an attractive young woman, may be just the bait to draw him out.",8.345
https://image.tmdb.org/t/p/w500/8Vt6mWEReuy4Of61Lnj5Xj704m8.jpg,Spider-Man: Across the Spider-Verse,"Shameik Moore, Hailee Steinfeld, Brian Tyree Henry, Luna Lauren Velez, Jake Johnson",2023,"Animation, Action, Adventure, Science Fiction","After reuniting with Gwen Stacy, Brooklyn’s full-time, friendly neighborhood Spider-Man is catapulted across the Multiverse, where he encounters the Spider Society, a team of Spider-People charged with protecting the Multiverse’s very existence. But when the heroes clash on how to handle a new threat, Miles finds himself pitted against the other Spiders and must set out on his own to save those he loves most.",8.343
https://image.tmdb.org/t/p/w500/tgNjemQPG96uIezpiUiXFcer5ga.jpg,High and Low,"Toshirō Mifune, Tatsuya Nakadai, Kyōko Kagawa, Tatsuya Mihashi, Isao Kimura",1963,"Drama, Crime, Mystery, Thriller","In the midst of an attempt to take over his company, a powerhouse executive is hit with a huge ransom demand when his chauffeur's son is kidnapped by mistake.",8.341
https://image.tmdb.org/t/p/w500/euypWkaYFOLW3e5rLIcTAjWnhhT.jpg,American History X,"Edward Norton, Edward Furlong, Beverly D'Angelo, Jennifer Lien, Ethan Suplee",1998,Drama,"Derek Vineyard is paroled after serving 3 years in prison for killing two African-American men. Through his brother, Danny Vineyard's narration, we learn that before going to prison, Derek was a skinhead and the leader of a violent white supremacist gang that committed acts of racial crime throughout L.A. and his actions greatly influenced Danny. Reformed and fresh out of prison, Derek severs contact with the gang and becomes determined to keep Danny from going down the same violent path as he did.",8.337
https://image.tmdb.org/t/p/w500/cMYCDADoLKLbB83g4WnJegaZimC.jpg,Princess Mononoke,"Yoji Matsuda, Yuriko Ishida, Yuko Tanaka, Kaoru Kobayashi, Masahiko Nishimura",1997,"Adventure, Fantasy, Animation","Ashitaka, a prince of the disappearing Emishi people, is cursed by a demonized boar god and must journey to the west to find a cure. Along the way, he encounters San, a young human woman fighting to protect the forest, and Lady Eboshi, who is trying to destroy it. Ashitaka must find a way to bring balance to this conflict.",8.329
https://image.tmdb.org/t/p/w500/cIfRCA5wEvj9tApca4UDUagQEiM.jpg,Dou kyu sei – Classmates,"Kenji Nojima, Hiroshi Kamiya, Hideo Ishikawa, Yurino",2016,"Romance, Animation","Rihito Sajo, an honor student with a perfect score on the entrance exam and Hikaru Kusakabe, in a band and popular among girls, would have never crossed paths. Until one day they started talking at the practice for their school’s upcoming chorus festival. After school, the two meet regularly, as Hikaru helps Rihito to improve his singing skills. While they listen to each other’s voice and harmonize, their hearts start to beat together.",8.3
https://image.tmdb.org/t/p/w500/sg7klpt1xwK1IJirBI9EHaqQwJ5.jpg,The Quintessential Quintuplets Movie,"Yoshitsugu Matsuoka, Kana Hanazawa, Ayana Taketatsu, Miku Ito, Ayane Sakura",2022,"Animation, Comedy, Romance","When five lovely young girls who hate studying hire part-time tutor Futaro, he guides not only their education but also their hearts. Time spent has brought them all closer, with feelings growing within the girls and Futaro. As they finish their third year of high school and their last school festival approaches, they set their sights on what’s next. Is there a future with one of them and Futaro?",8.324
https://image.tmdb.org/t/p/w500/wTnV3PCVW5O92JMrFvvrRcV39RU.jpg,The Wild Robot,"Lupita Nyong'o, Pedro Pascal, Kit Connor, Bill Nighy, Stephanie Hsu",2024,"Animation, Science Fiction, Family","After a shipwreck, an intelligent robot called Roz is stranded on an uninhabited island. To survive the harsh environment, Roz bonds with the island's animals and cares for an orphaned baby goose.",8.3
https://image.tmdb.org/t/p/w500/vN5B5WgYscRGcQpVhHl6p9DDTP0.jpg,Back to the Future,"Michael J. Fox, Christopher Lloyd, Crispin Glover, Lea Thompson, Claudia Wells",1985,"Adventure, Comedy, Science Fiction","Eighties teenager Marty McFly is accidentally sent back in time to 1955, inadvertently disrupting his parents' first meeting and attracting his mother's romantic interest. Marty must repair the damage to history by rekindling his parents' romance and - with the help of his eccentric inventor friend Doc Brown - return to 1985.",8.319
https://image.tmdb.org/t/p/w500/dgNTS4EQDDVfkzJI5msKuHu2Ei3.jpg,Ikiru,"Takashi Shimura, Haruo Tanaka, Nobuo Kaneko, Bokuzen Hidari, Miki Odagiri",1952,Drama,"Kanji Watanabe is a middle-aged man who has worked in the same monotonous bureaucratic position for decades. Learning he has cancer, he starts to look for the meaning of his life.",8.313
https://image.tmdb.org/t/p/w500/3l8fOAwiN3N5n3hHnZ51eog7Zu2.jpg,A Brighter Summer Day,"Chang Chen, Lisa Yang, Chang Kuo-Chu, Elaine Jin Yan-Ling, Chuan Wang",1991,"Crime, Drama, Romance","A boy experiences first love, friendships and injustices growing up in 1960s Taiwan.",8.313
https://image.tmdb.org/t/p/w500/6WTiOCfDPP8XV4jqfloiVWf7KHq.jpg,Perfect Blue,"Junko Iwao, Rica Matsumoto, Shiho Niiyama, Masaaki Okura, Shinpachi Tsuji",1998,"Animation, Thriller","Encouraged by her managers, rising pop star Mima takes on a recurring role on a popular TV show, when suddenly her handlers and collaborators begin turning up murdered.",8.303
https://image.tmdb.org/t/p/w500/erzbMlcNHOdx24AXOcn2ZKA7R1q.jpg,Dead Poets Society,"Robin Williams, Robert Sean Leonard, Ethan Hawke, Josh Charles, Gale Hansen",1989,Drama,"At an elite, old-fashioned boarding school in New England, a passionate English teacher inspires his students to rebel against convention and seize the potential of every day, courting the disdain of the stern headmaster.",8.301
https://image.tmdb.org/t/p/w500/yI6X2cCM5YPJtxMhUd3dPGqDAhw.jpg,Léon: The Professional,"Jean Reno, Natalie Portman, Gary Oldman, Danny Aiello, Peter Appel",1994,"Crime, Drama, Action","Léon, the top hit man in New York, has earned a rep as an effective ""cleaner"". But when his next-door neighbors are wiped out by a loose-cannon DEA agent, he becomes the unwilling custodian of 12-year-old Mathilda. Before long, Mathilda's thoughts turn to revenge, and she considers following in Léon's footsteps.",8.301
https://image.tmdb.org/t/p/w500/lNpZWdXC4HtXQ8nVo21gg7T9D6N.jpg,"Josee, the Tiger and the Fish","Taishi Nakagawa, Kaya Kiyohara, Yume Miyamoto, Kazuyuki Okitsu, Lynn",2020,"Animation, Drama, Romance","With dreams of diving abroad, Tsuneo gets a job assisting Josee, an artist whose imagination takes her far beyond her wheelchair. But when the tide turns against them, they push each other to places they never thought possible, and inspire a love fit for a storybook.",8.298
https://image.tmdb.org/t/p/w500/nhMXB8GTdswYMCL9nepDZymJCOr.jpg,The Great Dictator,"Charlie Chaplin, Paulette Goddard, Jack Oakie, Reginald Gardiner, Henry Daniell",1940,"Comedy, War",Dictator Adenoid Hynkel tries to expand his empire while a poor Jewish barber tries to avoid persecution from Hynkel's regime.,8.298
https://image.tmdb.org/t/p/w500/sC4Dpmn87oz9AuxZ15Lmip0Ftgr.jpg,Sunset Boulevard,"William Holden, Gloria Swanson, Erich von Stroheim, Nancy Olson, Fred Clark",1950,Drama,A hack screenwriter writes a screenplay for a former silent film star who has faded into Hollywood obscurity.,8.295
https://image.tmdb.org/t/p/w500/xc4bTXVwYNXi10jG9dwcaYt5IpU.jpg,Dedicated to my ex,"Raúl Santana, Nataly Valencia, Carlos Alcántara, Biassini Segura, Mariana Treviño",2019,"Drama, Comedy","The film tells the story of Ariel, a 21-year-old who decides to form a rock band to compete for a prize of ten thousand dollars in a musical band contest, this as a last option when trying to get money to save their relationship and reunite with his ex-girlfriend, which breaks due to the trip she must make to Finland for an internship. Ariel with her friend Ortega, decides to make a casting to find the other members of the band, although they do not know nothing about music, thus forming a band with members that have diverse and opposite personalities.",8.292
https://image.tmdb.org/t/p/w500/j6G24dqI4WgUtChhWjfnI4lnmiK.jpg,Neon Genesis Evangelion: The End of Evangelion,"Megumi Ogata, Megumi Hayashibara, Kotono Mitsuishi, Yuko Miyamura, Fumihiko Tachiki",1997,"Animation, Science Fiction, Action, Drama","SEELE orders an all-out attack on NERV, aiming to destroy the Evas before Gendo can advance his own plans for the Human Instrumentality Project. Shinji is pushed to the limits of his sanity as he is forced to decide the fate of humanity.",8.282
https://image.tmdb.org/t/p/w500/7uoiKOEjxBBW0AgDGQWrlfGQ90w.jpg,Modern Times,"Charlie Chaplin, Paulette Goddard, Henry Bergman, Tiny Sandford, Chester Conklin",1936,"Comedy, Drama, Romance","A bumbling tramp desires to build a home with a young woman, yet is thwarted time and time again by his lack of experience and habit of being in the wrong place at the wrong time..",8.282
https://image.tmdb.org/t/p/w500/qbYgqOczabWNn2XKwgMtVrntD6P.jpg,Once Upon a Time in the West,"Claudia Cardinale, Henry Fonda, Jason Robards, Charles Bronson, Gabriele Ferzetti",1968,"Drama, Western","As the railroad builders advance unstoppably through the Arizona desert on their way to the sea, Jill arrives in the small town of Flagstone with the intention of starting a new life.",8.281
https://image.tmdb.org/t/p/w500/aiy3G1cYWV3LgKZHY6a3jL8bjYL.jpg,Once Upon a Studio,"Chris Diamantopoulos, Kaitlyn Robrock, Tony Anselmo, Bill Farmer, Jim Cummings",2023,"Animation, Family, Fantasy, Comedy","Created for Disney's 100th anniversary, the short features Mickey Mouse corralling a gallery of legendary Disney characters for a group photo.",8.279
https://image.tmdb.org/t/p/w500/mDqzHV8UXWWNpZkoAbKmKX1ZxEE.jpg,Hotarubi no Mori e,"Izumi Sawada, Hayato Taya, Ayane Sakura, Koki Uchiyama, Shinpachi Tsuji",2011,"Romance, Animation, Fantasy","One hot summer day a little girl gets lost in an enchanted forest of the mountain god where spirits reside. A young boy appears before her, but she cannot touch him for fear of making him disappear. And so a wondrous adventure awaits...",8.278
https://image.tmdb.org/t/p/w500/zGGWYpiKNwjpKxelPxOMqJnUgDs.jpg,We All Loved Each Other So Much,"Nino Manfredi, Vittorio Gassman, Stefania Sandrelli, Stefano Satta Flores, Giovanna Ralli",1974,"Drama, Comedy","Three partisans bound by a strong friendship return home after the war, but the clash with everyday reality puts a strain on their bond.",8.278
https://image.tmdb.org/t/p/w500/bSqt9rhDZx1Q7UZ86dBPKdNomp2.jpg,It's a Wonderful Life,"James Stewart, Donna Reed, Lionel Barrymore, Thomas Mitchell, Henry Travers",1946,"Drama, Family, Fantasy","A holiday favourite for generations...  George Bailey has spent his entire life giving to the people of Bedford Falls.  All that prevents rich skinflint Mr. Potter from taking over the entire town is George's modest building and loan company.  But on Christmas Eve the business's $8,000 is lost and George's troubles begin.",8.277
https://image.tmdb.org/t/p/w500/pegCub2zdYD5As43AOmGsIctuKc.jpg,Given,"Takuya Eguchi, Masatomo Nakazawa, Shogo Yano, Yuma Uchida, Shintaro Asanuma",2020,"Animation, Drama, Music, Romance","Haruki secretly had feelings for Akihiko for years, but Akihiko was still in a relationship with his roommate, the violinist Ugetsu Murata. Haruki, Akihiko, and Ugetsu's love clashes and starts to move forward.",8.276
https://image.tmdb.org/t/p/w500/A9R6bukzzRmOzxvDQsXdQpeNm8l.jpg,Violet Evergarden: The Movie,"Yui Ishikawa, Daisuke Namikawa, Takehito Koyasu, Hidenobu Kiuchi, Haruka Tomatsu",2020,"Animation, Fantasy, Romance, Drama","As the world moves on from the war and technological advances bring changes to her life, Violet still hopes to see her lost commanding officer again.",8.276
https://image.tmdb.org/t/p/w500/1QU7HKgsQbGpzsJbJK4pAVQV9F5.jpg,The Intouchables,"François Cluzet, Omar Sy, Anne Le Ny, Audrey Fleurot, Joséphine de Meaux",2011,"Drama, Comedy",A true story of two men who should never have met – a quadriplegic aristocrat who was injured in a paragliding accident and a young man from the projects.,8.272
https://image.tmdb.org/t/p/w500/gQB8Y5RCMkv2zwzFHbUJX3kAhvA.jpg,Apocalypse Now,"Martin Sheen, Marlon Brando, Albert Hall, Frederic Forrest, Laurence Fishburne",1979,"Drama, War","At the height of the Vietnam war, Captain Benjamin Willard is sent on a dangerous mission that, officially, ""does not exist, nor will it ever exist."" His goal is to locate - and eliminate - a mysterious Green Beret Colonel named Walter Kurtz, who has been leading his personal army on illegal guerrilla missions into enemy territory.",8.272
https://image.tmdb.org/t/p/w500/ugmakEL5y294I5bXgiBqApuZpwc.jpg,City Lights,"Charlie Chaplin, Virginia Cherrill, Florence Lee, Harry Myers, Al Ernest Garcia",1931,"Comedy, Drama, Romance",A tramp falls in love with a beautiful blind flower girl. His on-and-off friendship with a wealthy man allows him to be the girl's benefactor and suitor.,8.269
https://image.tmdb.org/t/p/w500/tJXwtzOSNUC8dxJfrdvkNtGrrgW.jpg,Paths of Glory,"Kirk Douglas, Ralph Meeker, Adolphe Menjou, George Macready, Wayne Morris",1957,"War, Drama, History",A commanding officer defends three scapegoats on trial for a failed offensive that occurred within the French Army in 1916.,8.258
https://image.tmdb.org/t/p/w500/bOth4QmNyEkalwahfPCfiXjNh1r.jpg,Miracle in Cell No. 7,"Aras Bulut İynemli, Nisa Sofiya Aksongur, İlker Aksum, Mesut Akusta, Yıldıray Şahinler",2019,Drama,"Separated from his daughter, a father with an intellectual disability must prove his innocence when he is jailed for the death of a commander's child.",8.257
https://image.tmdb.org/t/p/w500/sKCr78MXSLixwmZ8DyJLrpMsd15.jpg,The Lion King,"Matthew Broderick, Moira Kelly, Nathan Lane, Ernie Sabella, James Earl Jones",1994,"Family, Animation, Drama","Young lion prince Simba, eager to one day become king of the Pride Lands, grows up under the watchful eye of his father Mufasa; all the while his villainous uncle Scar conspires to take the throne for himself. Amid betrayal and tragedy, Simba must confront his past and find his rightful place in the Circle of Life.",8.257
https://image.tmdb.org/t/p/w500/iOcbJ5pxokOPDRgieVDbsFMrCc6.jpg,The Legend of 1900,"Tim Roth, Pruitt Taylor Vince, Mélanie Thierry, Bill Nunn, Gabriele Lavia",1998,"Drama, Music","The story of a virtuoso piano player who lives his entire life aboard an ocean liner. Born and raised on the ship, 1900 learned about the outside world through interactions with passengers, never setting foot on land, even for the love of his life. Years later, the ship may be destroyed, and a former band member fears that 1900 may still be aboard, willing to go down with the ship.",8.255
https://image.tmdb.org/t/p/w500/d0OdD1I8qAfETvE9Rp9Voq7R8LR.jpg,Clouds,"Fin Argus, Sabrina Carpenter, Madison Iseman, Neve Campbell, Tom Everett Scott",2020,"Music, Drama, Romance","Young musician Zach Sobiech discovers his cancer has spread, leaving him just a few months to live. With limited time, he follows his dream and makes an album, unaware that it will soon be a viral music phenomenon.",8.25
https://image.tmdb.org/t/p/w500/pWDtjs568ZfOTMbURQBYuT4Qxka.jpg,Oldboy,"Choi Min-sik, Yoo Ji-tae, Kang Hye-jung, Kim Byeong-ok, Ji Dae-han",2003,"Drama, Thriller, Mystery, Action","With no clue how he came to be imprisoned, drugged and tortured for 15 years, a desperate man seeks revenge on his captors.",8.25
https://image.tmdb.org/t/p/w500/xyZhiOz5NHVBUKlpioxjwajy7pm.jpg,Le Trou,"Michel Constantin, Jean Keraudy, Philippe Leroy, Raymond Meunier, Marc Michel",1960,"Drama, Thriller, Crime","Four prison inmates have been hatching a plan to literally dig out of jail when another prisoner, Claude Gaspard, is moved into their cell. They take a risk and share their plan with the newcomer. Over the course of three days, the prisoners and friends break through the concrete floor using a bed post and begin to make their way through the sewer system -- yet their escape is anything but assured.",8.2
https://image.tmdb.org/t/p/w500/u6oXUTtOuJRPdUgUuPAVVJPSKCo.jpg,Taylor Swift: Reputation Stadium Tour,"Taylor Swift, Charli xcx, Camila Cabello, David Cook, Amos Heller",2018,Music,"Taylor Swift takes the stage in Dallas for the Reputation Stadium Tour and celebrates a monumental night of music, memories and visual magic.",8.244
https://image.tmdb.org/t/p/w500/AtFnN4OztDJy8IFwYd5JfU0jlEM.jpg,Rascal Does Not Dream of a Dreaming Girl,"Kaito Ishikawa, Asami Seto, Yurika Kubo, Nao Toyama, Atsumi Tanezaki",2019,"Animation, Romance, Drama, Fantasy","In Fujisawa, Sakuta Azusagawa is in his second year of high school. Blissful days with his girlfriend and upperclassman, Mai Sakurajima, are interrupted by the appearance of his first crush, Shoko Makinohara.",8.243
https://image.tmdb.org/t/p/w500/qDWA7fB4cZ4sBP6YgwlxvraDHi7.jpg,I Want to Eat Your Pancreas,"Mahiro Takasugi, Lynn, Yukiyo Fujii, Yuma Uchida, Jun Fukushima",2018,"Animation, Drama, Romance","After his classmate and crush is diagnosed with a pancreatic disease, an average high schooler sets out to make the most of her final days.",8.241
https://image.tmdb.org/t/p/w500/bP7u19opmHXYeTCUwGjlLldmUMc.jpg,Life in a Year,"Jaden Smith, Cara Delevingne, Cuba Gooding Jr., Chris D'Elia, JT Neal",2020,"Drama, Romance","A 17 year old finds out that his girlfriend is dying, so he sets out to give her an entire life, in the last year she has left.",8.241
https://image.tmdb.org/t/p/w500/q125RHUDgR4gjwh1QkfYuJLYkL.jpg,Klaus,"Jason Schwartzman, J.K. Simmons, Rashida Jones, Joan Cusack, Norm Macdonald",2019,"Animation, Family, Adventure, Comedy, Fantasy","When Jesper distinguishes himself as the Postal Academy's worst student, he is sent to Smeerensburg, a small village located on an icy island above the Arctic Circle, where grumpy inhabitants barely exchange words, let alone letters. Jesper is about to give up and abandon his duty as a postman when he meets local teacher Alva and Klaus, a mysterious carpenter who lives alone in a cabin full of handmade toys.",8.239
https://image.tmdb.org/t/p/w500/kreTuJBkUjVWePRfhHZuYfhNE1T.jpg,Five Feet Apart,"Haley Lu Richardson, Cole Sprouse, Moisés Arias, Kimberly Hebert Gregory, Parminder Nagra",2019,"Romance, Drama","Seventeen-year-old Stella spends most of her time in the hospital as a cystic fibrosis patient. Her life is full of routines, boundaries and self-control — all of which get put to the test when she meets Will, an impossibly charming teen who has the same illness. There's an instant flirtation, though restrictions dictate that they must maintain a safe distance between them. As their connection intensifies, so does the temptation to throw the rules out the window and embrace that attraction.",8.2
https://image.tmdb.org/t/p/w500/ulzhLuWrPK07P1YkdWQLZnQh1JL.jpg,Avengers: Endgame,"Robert Downey Jr., Chris Evans, Mark Ruffalo, Chris Hemsworth, Scarlett Johansson",2019,"Adventure, Science Fiction, Action","After the devastating events of Avengers: Infinity War, the universe is in ruins due to the efforts of the Mad Titan, Thanos. With the help of remaining allies, the Avengers must assemble once more in order to undo Thanos' actions and restore order to the universe once and for all, no matter what consequences may be in store.",8.238
https://image.tmdb.org/t/p/w500/aBBJRyS17TIrdXih3uSYvPAR3Ua.jpg,"The Boy, the Mole, the Fox and the Horse","Jude Coward Nicoll, Tom Hollander, Idris Elba, Gabriel Byrne",2022,"Animation, Family, Adventure, Fantasy","The unlikely friendship of a boy, a mole, a fox and a horse traveling together in the boy's search for home.",8.236
https://image.tmdb.org/t/p/w500/7WsyChQLEftFiDOVTGkv3hFpyyt.jpg,Avengers: Infinity War,"Robert Downey Jr., Chris Evans, Chris Hemsworth, Josh Brolin, Mark Ruffalo",2018,"Adventure, Action, Science Fiction","As the Avengers and their allies have continued to protect the world from threats too large for any one hero to handle, a new danger has emerged from the cosmic shadows: Thanos. A despot of intergalactic infamy, his goal is to collect all six Infinity Stones, artifacts of unimaginable power, and use them to inflict his twisted will on all of reality. Everything the Avengers have fought for has led up to this moment - the fate of Earth and existence itself has never been more uncertain.",8.235
https://image.tmdb.org/t/p/w500/md5wZRRj8biHrGtyitgBZo7674t.jpg,Evangelion: 3.0+1.0 Thrice Upon a Time,"Megumi Ogata, Yuko Miyamura, Maaya Sakamoto, Megumi Hayashibara, Kotono Mitsuishi",2021,"Animation, Action, Science Fiction, Drama","In the aftermath of the Fourth Impact, stranded without their Evangelions, Shinji, Asuka and Rei find refuge in one of the rare pockets of humanity that still exist on the ruined planet Earth. There, each lives a life far different from their days as an Evangelion pilot. However, the danger to the world is far from over. A new impact is looming on the horizon—one that will prove to be the true end of Evangelion.",8.235
https://image.tmdb.org/t/p/w500/qNbMsKVzigERgJUbwf8pKyZogpb.jpg,Come and See,"Aleksei Kravchenko, Olga Mironova, Liubomiras Laucevicius, Vladas Bagdonas, Jüri Lumiste",1985,"Drama, War","The invasion of a village in Byelorussia by German forces sends young Florya into the forest to join the weary Resistance fighters, against his family's wishes. There he meets a girl, Glasha, who accompanies him back to his village. On returning home, Florya finds his family and fellow peasants massacred. His continued survival amidst the brutal debris of war becomes increasingly nightmarish, a battle between despair and hope.",8.235
https://image.tmdb.org/t/p/w500/7BsvSuDQuoqhWmU2fL7W2GOcZHU.jpg,Green Book,"Viggo Mortensen, Mahershala Ali, Linda Cardellini, Sebastian Maniscalco, Dimiter D. Marinov",2018,"Drama, History","Tony Lip, a bouncer in 1962, is hired to drive pianist Don Shirley on a tour through the Deep South in the days when African Americans, forced to find alternate accommodations and services due to segregation laws below the Mason-Dixon Line, relied on a guide called The Negro Motorist Green Book.",8.232
https://image.tmdb.org/t/p/w500/3zyQtPg3avKprmJP2gBiYgyWUQC.jpg,Mommy,"Anne Dorval, Suzanne Clément, Antoine Olivier Pilon, Patrick Huard, Alexandre Goyette",2014,Drama,"A peculiar neighbor offers hope to a recent widow who is struggling to raise a teenager who is unpredictable and, sometimes, violent.",8.23
https://image.tmdb.org/t/p/w500/xg6QZdlHrq2dtSK8cfnQQMnmpeY.jpg,Out of the Clear Blue Sky,"Omar Chaparro, Ana Claudia Talancón, Stephanie Cayo, Lupita Sandoval, Yare Santana",2019,"Comedy, Drama, Music","Returning to Earth as an imitator, the legendary Mexican artist Pedro Infante must prove that he is no longer a womanizer to enter paradise.",8.225
